-- phpMyAdmin SQL Dump
-- version 4.1.14
-- http://www.phpmyadmin.net
--
-- Host: 127.0.0.1
-- Generation Time: 2018-03-08 13:46:47
-- 服务器版本： 5.6.17
-- PHP Version: 5.5.12

SET SQL_MODE = "NO_AUTO_VALUE_ON_ZERO";
SET time_zone = "+00:00";


/*!40101 SET @OLD_CHARACTER_SET_CLIENT=@@CHARACTER_SET_CLIENT */;
/*!40101 SET @OLD_CHARACTER_SET_RESULTS=@@CHARACTER_SET_RESULTS */;
/*!40101 SET @OLD_COLLATION_CONNECTION=@@COLLATION_CONNECTION */;
/*!40101 SET NAMES utf8 */;

--
-- Database: `cn-stroke`
--

-- --------------------------------------------------------

--
-- 表的结构 `disease`
--

CREATE TABLE IF NOT EXISTS `disease` (
  `id` int(11) NOT NULL AUTO_INCREMENT,
  `disease_id` int(11) NOT NULL,
  `disease_name` varchar(256) NOT NULL,
  PRIMARY KEY (`id`),
  KEY `disease_id` (`disease_id`)
) ENGINE=InnoDB  DEFAULT CHARSET=utf8 AUTO_INCREMENT=80 ;

--
-- 转存表中的数据 `disease`
--

INSERT INTO `disease` (`id`, `disease_id`, `disease_name`) VALUES
(1, 35, '不自主运动'),
(2, 46, '痴呆'),
(3, 61, '大便失禁'),
(4, 14, '低颅压'),
(5, 52, '癫痫'),
(6, 60, '恶心'),
(7, 1, '发绀(口舌/指/趾头)'),
(8, 36, '发热'),
(9, 32, '烦躁'),
(10, 65, '房室传导阻滞'),
(11, 59, '风心病'),
(12, 79, '钙化灶'),
(13, 28, '高胆固醇血症'),
(14, 8, '高尿酸血症'),
(15, 54, '高同型半胱氨酸血症'),
(16, 16, '高血糖'),
(17, 67, '高血压'),
(18, 20, '冠心病'),
(19, 34, '颌窦炎'),
(20, 51, '呼吸困难'),
(21, 80, '呼吸浅促'),
(22, 73, '记忆减退'),
(23, 26, '精神差'),
(24, 74, '精神紧张'),
(25, 12, '颈动脉斑块'),
(26, 64, '颈动脉硬化'),
(27, 56, '口角麻木'),
(28, 83, '面瘫'),
(29, 41, '脑白质改变'),
(30, 21, '脑病变'),
(31, 58, '脑出血'),
(32, 47, '脑缺血'),
(33, 23, '脑萎缩'),
(34, 42, '脑血管病'),
(35, 68, '脑血管硬化'),
(36, 38, '脑血栓'),
(37, 63, '呕吐'),
(38, 30, '帕金森'),
(39, 18, '贫血'),
(40, 40, '腔隙性脑梗死'),
(41, 25, '强直性脊柱炎'),
(42, 24, '缺血灶'),
(43, 81, '软化灶'),
(44, 82, '神经病'),
(45, 5, '神经麻痹'),
(46, 7, '食欲不振'),
(47, 77, '嗜睡'),
(48, 71, '睡眠障碍'),
(49, 19, '瘫痪'),
(50, 27, '糖尿病'),
(51, 39, '头痛'),
(52, 9, '头晕'),
(53, 69, '吞咽困难'),
(54, 10, '脱髓鞘'),
(55, 72, '小便失禁'),
(56, 4, '心功能不全'),
(57, 11, '心肌病'),
(58, 57, '心肌梗塞'),
(59, 29, '心肌供血不足'),
(60, 15, '心悸'),
(61, 3, '心绞痛'),
(62, 50, '心律失常'),
(63, 70, '心脏病'),
(64, 6, '心脏扩大'),
(65, 44, '胸痛'),
(66, 53, '血管钙化'),
(67, 22, '血管瘤'),
(68, 43, '血管硬化'),
(69, 33, '言语障碍'),
(70, 2, '意识/精神障碍'),
(71, 78, '晕厥'),
(72, 62, '早搏'),
(73, 55, '肢体动脉栓塞'),
(74, 13, '肢体浮肿'),
(75, 37, '肢体活动障碍'),
(76, 66, '肢体麻木'),
(77, 45, '肢体无力'),
(78, 31, '肢体震颤/抽搐'),
(79, 17, '脂肪肝');

-- --------------------------------------------------------

--
-- 表的结构 `edge`
--

CREATE TABLE IF NOT EXISTS `edge` (
  `id` int(11) NOT NULL,
  `source_id` int(11) NOT NULL,
  `source_name` varchar(256) NOT NULL,
  `target_id` int(11) NOT NULL,
  `target_name` varchar(256) NOT NULL,
  PRIMARY KEY (`id`)
) ENGINE=InnoDB DEFAULT CHARSET=utf8;

--
-- 转存表中的数据 `edge`
--

INSERT INTO `edge` (`id`, `source_id`, `source_name`, `target_id`, `target_name`) VALUES
(1, 31, '肢体震颤/抽搐', 33, '言语障碍'),
(2, 31, '肢体震颤/抽搐', 74, '精神紧张'),
(3, 31, '肢体震颤/抽搐', 39, '头痛'),
(4, 31, '肢体震颤/抽搐', 2, '意识/精神障碍'),
(5, 31, '肢体震颤/抽搐', 35, '不自主运动'),
(6, 31, '肢体震颤/抽搐', 36, '发热'),
(7, 31, '肢体震颤/抽搐', 26, '精神差'),
(8, 31, '肢体震颤/抽搐', 45, '肢体无力'),
(9, 31, '肢体震颤/抽搐', 72, '小便失禁'),
(10, 2, '意识/精神障碍', 74, '精神紧张'),
(11, 2, '意识/精神障碍', 52, '癫痫'),
(12, 2, '意识/精神障碍', 46, '痴呆'),
(13, 2, '意识/精神障碍', 26, '精神差'),
(14, 2, '意识/精神障碍', 24, '缺血灶'),
(15, 2, '意识/精神障碍', 37, '肢体活动障碍'),
(16, 2, '意识/精神障碍', 35, '不自主运动'),
(17, 2, '意识/精神障碍', 51, '呼吸困难'),
(18, 2, '意识/精神障碍', 45, '肢体无力'),
(19, 2, '意识/精神障碍', 77, '嗜睡'),
(20, 3, '心绞痛', 57, '心肌梗塞'),
(21, 3, '心绞痛', 80, '呼吸浅促'),
(22, 3, '心绞痛', 49, '胸闷气短'),
(23, 3, '心绞痛', 44, '胸痛'),
(24, 3, '心绞痛', 60, '恶心'),
(25, 3, '心绞痛', 51, '呼吸困难'),
(26, 3, '心绞痛', 15, '心悸'),
(27, 3, '心绞痛', 4, '心功能不全'),
(28, 3, '心绞痛', 20, '冠心病'),
(29, 3, '心绞痛', 18, '贫血'),
(30, 3, '心绞痛', 67, '高血压'),
(31, 3, '心绞痛', 83, '面瘫'),
(32, 3, '心绞痛', 39, '头痛'),
(33, 3, '心绞痛', 74, '精神紧张'),
(34, 27, '糖尿病', 50, '心律失常'),
(35, 27, '糖尿病', 57, '心肌梗塞'),
(36, 27, '糖尿病', 38, '脑血栓'),
(37, 27, '糖尿病', 67, '高血压'),
(38, 27, '糖尿病', 78, '晕厥'),
(39, 27, '糖尿病', 60, '恶心'),
(40, 27, '糖尿病', 9, '头晕'),
(41, 27, '糖尿病', 7, '食欲不振'),
(42, 27, '糖尿病', 45, '肢体无力'),
(43, 27, '糖尿病', 16, '高血糖'),
(44, 27, '糖尿病', 39, '头痛'),
(45, 4, '心功能不全', 55, '肢体动脉栓塞'),
(46, 4, '心功能不全', 50, '心律失常'),
(47, 4, '心功能不全', 39, '头痛'),
(48, 4, '心功能不全', 78, '晕厥'),
(49, 4, '心功能不全', 51, '呼吸困难'),
(50, 4, '心功能不全', 45, '肢体无力'),
(51, 4, '心功能不全', 60, '恶心'),
(52, 4, '心功能不全', 26, '精神差'),
(53, 4, '心功能不全', 71, '睡眠障碍'),
(54, 4, '心功能不全', 9, '头晕'),
(55, 4, '心功能不全', 1, '发绀(口舌/指/趾头)'),
(56, 23, '脑萎缩', 33, '言语障碍'),
(57, 23, '脑萎缩', 72, '小便失禁'),
(58, 23, '脑萎缩', 46, '痴呆'),
(59, 23, '脑萎缩', 43, '血管硬化'),
(60, 23, '脑萎缩', 39, '头痛'),
(61, 23, '脑萎缩', 73, '记忆减退'),
(62, 23, '脑萎缩', 19, '瘫痪'),
(63, 23, '脑萎缩', 37, '肢体活动障碍'),
(64, 23, '脑萎缩', 45, '肢体无力'),
(65, 23, '脑萎缩', 9, '头晕'),
(66, 34, '颌窦炎', 78, '晕厥'),
(67, 34, '颌窦炎', 9, '头晕'),
(68, 34, '颌窦炎', 39, '头痛'),
(69, 34, '颌窦炎', 36, '发热'),
(70, 34, '颌窦炎', 45, '肢体无力'),
(71, 12, '颈动脉斑块', 67, '高血压'),
(72, 52, '癫痫', 50, '心律失常'),
(73, 52, '癫痫', 31, '肢体震颤/抽搐'),
(74, 52, '癫痫', 46, '痴呆'),
(75, 52, '癫痫', 37, '肢体活动障碍'),
(76, 52, '癫痫', 72, '小便失禁'),
(77, 52, '癫痫', 36, '发热'),
(78, 65, '房室传导阻滞', 44, '胸痛'),
(79, 65, '房室传导阻滞', 49, '胸闷气短'),
(80, 65, '房室传导阻滞', 15, '心悸'),
(81, 65, '房室传导阻滞', 78, '晕厥'),
(82, 65, '房室传导阻滞', 3, '心绞痛'),
(83, 65, '房室传导阻滞', 57, '心肌梗塞'),
(84, 65, '房室传导阻滞', 50, '心律失常'),
(85, 65, '房室传导阻滞', 31, '肢体震颤/抽搐'),
(86, 65, '房室传导阻滞', 45, '肢体无力'),
(87, 65, '房室传导阻滞', 80, '呼吸浅促'),
(88, 65, '房室传导阻滞', 9, '头晕'),
(89, 65, '房室传导阻滞', 24, '缺血灶'),
(90, 65, '房室传导阻滞', 26, '精神差'),
(91, 65, '房室传导阻滞', 62, '早搏'),
(92, 65, '房室传导阻滞', 6, '心脏扩大'),
(93, 65, '房室传导阻滞', 2, '意识/精神障碍'),
(94, 7, '食欲不振', 60, '恶心'),
(95, 55, '肢体动脉栓塞', 51, '呼吸困难'),
(96, 55, '肢体动脉栓塞', 13, '肢体浮肿'),
(97, 55, '肢体动脉栓塞', 44, '胸痛'),
(98, 8, '高尿酸血症', 26, '精神差'),
(99, 8, '高尿酸血症', 27, '糖尿病'),
(100, 8, '高尿酸血症', 67, '高血压'),
(101, 8, '高尿酸血症', 13, '肢体浮肿'),
(102, 16, '高血糖', 11, '心肌病'),
(103, 66, '肢体麻木', 67, '高血压'),
(104, 66, '肢体麻木', 57, '心肌梗塞'),
(105, 66, '肢体麻木', 13, '肢体浮肿'),
(106, 66, '肢体麻木', 82, '神经病'),
(107, 66, '肢体麻木', 24, '缺血灶'),
(108, 66, '肢体麻木', 40, '腔隙性脑梗死'),
(109, 9, '头晕', 60, '恶心'),
(110, 9, '头晕', 37, '肢体活动障碍'),
(111, 9, '头晕', 15, '心悸'),
(112, 9, '头晕', 43, '血管硬化'),
(113, 9, '头晕', 71, '睡眠障碍'),
(114, 10, '脱髓鞘', 19, '瘫痪'),
(115, 10, '脱髓鞘', 45, '肢体无力'),
(116, 10, '脱髓鞘', 36, '发热'),
(117, 11, '心肌病', 4, '心功能不全'),
(118, 11, '心肌病', 50, '心律失常'),
(119, 11, '心肌病', 80, '呼吸浅促'),
(120, 11, '心肌病', 45, '肢体无力'),
(121, 11, '心肌病', 51, '呼吸困难'),
(122, 11, '心肌病', 43, '血管硬化'),
(123, 11, '心肌病', 1, '发绀(口舌/指/趾头)'),
(124, 11, '心肌病', 67, '高血压'),
(125, 11, '心肌病', 65, '房室传导阻滞'),
(126, 11, '心肌病', 3, '心绞痛'),
(127, 11, '心肌病', 6, '心脏扩大'),
(128, 11, '心肌病', 26, '精神差'),
(129, 11, '心肌病', 36, '发热'),
(130, 11, '心肌病', 62, '早搏'),
(131, 11, '心肌病', 44, '胸痛'),
(132, 11, '心肌病', 15, '心悸'),
(133, 67, '高血压', 39, '头痛'),
(134, 67, '高血压', 60, '恶心'),
(135, 67, '高血压', 63, '呕吐'),
(136, 67, '高血压', 77, '嗜睡'),
(137, 67, '高血压', 78, '晕厥'),
(138, 67, '高血压', 20, '冠心病'),
(139, 67, '高血压', 70, '心脏病'),
(140, 67, '高血压', 19, '瘫痪'),
(141, 67, '高血压', 4, '心功能不全'),
(142, 67, '高血压', 50, '心律失常'),
(143, 67, '高血压', 71, '睡眠障碍'),
(144, 67, '高血压', 9, '头晕'),
(145, 67, '高血压', 73, '记忆减退'),
(146, 67, '高血压', 21, '脑病变'),
(147, 67, '高血压', 80, '呼吸浅促'),
(148, 67, '高血压', 15, '心悸'),
(149, 67, '高血压', 49, '胸闷气短'),
(150, 67, '高血压', 6, '心脏扩大'),
(151, 67, '高血压', 51, '呼吸困难'),
(152, 67, '高血压', 74, '精神紧张'),
(153, 67, '高血压', 72, '小便失禁'),
(154, 67, '高血压', 36, '发热'),
(155, 67, '高血压', 18, '贫血'),
(156, 67, '高血压', 57, '心肌梗塞'),
(157, 67, '高血压', 22, '血管瘤'),
(158, 67, '高血压', 26, '精神差'),
(159, 67, '高血压', 31, '肢体震颤/抽搐'),
(160, 51, '呼吸困难', 70, '心脏病'),
(161, 51, '呼吸困难', 80, '呼吸浅促'),
(162, 51, '呼吸困难', 1, '发绀(口舌/指/趾头)'),
(163, 51, '呼吸困难', 49, '胸闷气短'),
(164, 68, '脑血管硬化', 46, '痴呆'),
(165, 68, '脑血管硬化', 60, '恶心'),
(166, 68, '脑血管硬化', 9, '头晕'),
(167, 68, '脑血管硬化', 69, '吞咽困难'),
(168, 68, '脑血管硬化', 2, '意识/精神障碍'),
(169, 68, '脑血管硬化', 24, '缺血灶'),
(170, 68, '脑血管硬化', 26, '精神差'),
(171, 68, '脑血管硬化', 39, '头痛'),
(172, 68, '脑血管硬化', 77, '嗜睡'),
(173, 36, '发热', 44, '胸痛'),
(174, 36, '发热', 60, '恶心'),
(175, 36, '发热', 63, '呕吐'),
(176, 36, '发热', 74, '精神紧张'),
(177, 36, '发热', 15, '心悸'),
(178, 37, '肢体活动障碍', 68, '脑血管硬化'),
(179, 37, '肢体活动障碍', 60, '恶心'),
(180, 37, '肢体活动障碍', 63, '呕吐'),
(181, 37, '肢体活动障碍', 74, '精神紧张'),
(182, 37, '肢体活动障碍', 31, '肢体震颤/抽搐'),
(183, 37, '肢体活动障碍', 21, '脑病变'),
(184, 37, '肢体活动障碍', 24, '缺血灶'),
(185, 37, '肢体活动障碍', 39, '头痛'),
(186, 37, '肢体活动障碍', 26, '精神差'),
(187, 37, '肢体活动障碍', 7, '食欲不振'),
(188, 37, '肢体活动障碍', 15, '心悸'),
(189, 37, '肢体活动障碍', 69, '吞咽困难'),
(190, 38, '脑血栓', 46, '痴呆'),
(191, 38, '脑血栓', 36, '发热'),
(192, 38, '脑血栓', 67, '高血压'),
(193, 38, '脑血栓', 69, '吞咽困难'),
(194, 38, '脑血栓', 45, '肢体无力'),
(195, 38, '脑血栓', 19, '瘫痪'),
(196, 38, '脑血栓', 66, '肢体麻木'),
(197, 38, '脑血栓', 83, '面瘫'),
(198, 38, '脑血栓', 33, '言语障碍'),
(199, 38, '脑血栓', 9, '头晕'),
(200, 38, '脑血栓', 31, '肢体震颤/抽搐'),
(201, 38, '脑血栓', 78, '晕厥'),
(202, 38, '脑血栓', 2, '意识/精神障碍'),
(203, 58, '脑出血', 78, '晕厥'),
(204, 58, '脑出血', 66, '肢体麻木'),
(205, 58, '脑出血', 67, '高血压'),
(206, 58, '脑出血', 63, '呕吐'),
(207, 58, '脑出血', 2, '意识/精神障碍'),
(208, 58, '脑出血', 39, '头痛'),
(209, 58, '脑出血', 80, '呼吸浅促'),
(210, 58, '脑出血', 51, '呼吸困难'),
(211, 58, '脑出血', 31, '肢体震颤/抽搐'),
(212, 58, '脑出血', 9, '头晕'),
(213, 71, '睡眠障碍', 77, '嗜睡'),
(214, 71, '睡眠障碍', 24, '缺血灶'),
(215, 71, '睡眠障碍', 2, '意识/精神障碍'),
(216, 71, '睡眠障碍', 80, '呼吸浅促'),
(217, 39, '头痛', 9, '头晕'),
(218, 39, '头痛', 52, '癫痫'),
(219, 39, '头痛', 2, '意识/精神障碍'),
(220, 39, '头痛', 26, '精神差'),
(221, 39, '头痛', 66, '肢体麻木'),
(222, 39, '头痛', 60, '恶心'),
(223, 39, '头痛', 36, '发热'),
(224, 39, '头痛', 50, '心律失常'),
(225, 39, '头痛', 71, '睡眠障碍'),
(226, 39, '头痛', 75, '心慌'),
(227, 39, '头痛', 63, '呕吐'),
(228, 6, '心脏扩大', 43, '血管硬化'),
(229, 6, '心脏扩大', 29, '心肌供血不足'),
(230, 6, '心脏扩大', 70, '心脏病'),
(231, 15, '心悸', 74, '精神紧张'),
(232, 15, '心悸', 51, '呼吸困难'),
(233, 15, '心悸', 78, '晕厥'),
(234, 15, '心悸', 1, '发绀(口舌/指/趾头)'),
(235, 40, '腔隙性脑梗死', 67, '高血压'),
(236, 40, '腔隙性脑梗死', 71, '睡眠障碍'),
(237, 40, '腔隙性脑梗死', 46, '痴呆'),
(238, 40, '腔隙性脑梗死', 43, '血管硬化'),
(239, 40, '腔隙性脑梗死', 33, '言语障碍'),
(240, 40, '腔隙性脑梗死', 31, '肢体震颤/抽搐'),
(241, 40, '腔隙性脑梗死', 73, '记忆减退'),
(242, 69, '吞咽困难', 51, '呼吸困难'),
(243, 17, '脂肪肝', 67, '高血压'),
(244, 17, '脂肪肝', 7, '食欲不振'),
(245, 17, '脂肪肝', 45, '肢体无力'),
(246, 17, '脂肪肝', 60, '恶心'),
(247, 17, '脂肪肝', 63, '呕吐'),
(248, 17, '脂肪肝', 18, '贫血'),
(249, 17, '脂肪肝', 20, '冠心病'),
(250, 17, '脂肪肝', 27, '糖尿病'),
(251, 17, '脂肪肝', 26, '精神差'),
(252, 74, '精神紧张', 71, '睡眠障碍'),
(253, 74, '精神紧张', 35, '不自主运动'),
(254, 74, '精神紧张', 39, '头痛'),
(255, 74, '精神紧张', 75, '心慌'),
(256, 57, '心肌梗塞', 22, '血管瘤'),
(257, 57, '心肌梗塞', 4, '心功能不全'),
(258, 57, '心肌梗塞', 51, '呼吸困难'),
(259, 57, '心肌梗塞', 75, '心慌'),
(260, 57, '心肌梗塞', 44, '胸痛'),
(261, 18, '贫血', 9, '头晕'),
(262, 18, '贫血', 39, '头痛'),
(263, 18, '贫血', 71, '睡眠障碍'),
(264, 18, '贫血', 73, '记忆减退'),
(265, 18, '贫血', 51, '呼吸困难'),
(266, 18, '贫血', 60, '恶心'),
(267, 18, '贫血', 78, '晕厥'),
(268, 18, '贫血', 45, '肢体无力'),
(269, 18, '贫血', 74, '精神紧张'),
(270, 18, '贫血', 7, '食欲不振'),
(271, 18, '贫血', 26, '精神差'),
(272, 18, '贫血', 2, '意识/精神障碍'),
(273, 18, '贫血', 80, '呼吸浅促'),
(274, 18, '贫血', 77, '嗜睡'),
(275, 18, '贫血', 15, '心悸'),
(276, 18, '贫血', 27, '糖尿病'),
(277, 18, '贫血', 58, '脑出血'),
(278, 18, '贫血', 4, '心功能不全'),
(279, 33, '言语障碍', 2, '意识/精神障碍'),
(280, 33, '言语障碍', 73, '记忆减退'),
(281, 33, '言语障碍', 30, '帕金森'),
(282, 33, '言语障碍', 43, '血管硬化'),
(283, 60, '恶心', 63, '呕吐'),
(284, 70, '心脏病', 4, '心功能不全'),
(285, 70, '心脏病', 21, '脑病变'),
(286, 70, '心脏病', 50, '心律失常'),
(287, 70, '心脏病', 43, '血管硬化'),
(288, 70, '心脏病', 59, '风心病'),
(289, 70, '心脏病', 39, '头痛'),
(290, 70, '心脏病', 49, '胸闷气短'),
(291, 70, '心脏病', 15, '心悸'),
(292, 70, '心脏病', 20, '冠心病'),
(293, 70, '心脏病', 7, '食欲不振'),
(294, 70, '心脏病', 45, '肢体无力'),
(295, 70, '心脏病', 36, '发热'),
(296, 70, '心脏病', 60, '恶心'),
(297, 70, '心脏病', 63, '呕吐'),
(298, 70, '心脏病', 9, '头晕'),
(299, 70, '心脏病', 3, '心绞痛'),
(300, 70, '心脏病', 65, '房室传导阻滞'),
(301, 70, '心脏病', 79, '钙化灶'),
(302, 70, '心脏病', 26, '精神差'),
(303, 70, '心脏病', 80, '呼吸浅促'),
(304, 70, '心脏病', 1, '发绀(口舌/指/趾头)'),
(305, 70, '心脏病', 78, '晕厥'),
(306, 70, '心脏病', 44, '胸痛'),
(307, 70, '心脏病', 77, '嗜睡'),
(308, 73, '记忆减退', 2, '意识/精神障碍'),
(309, 73, '记忆减退', 24, '缺血灶'),
(310, 73, '记忆减退', 52, '癫痫'),
(311, 19, '瘫痪', 21, '脑病变'),
(312, 19, '瘫痪', 24, '缺血灶'),
(313, 19, '瘫痪', 2, '意识/精神障碍'),
(314, 19, '瘫痪', 39, '头痛'),
(315, 19, '瘫痪', 30, '帕金森'),
(316, 19, '瘫痪', 43, '血管硬化'),
(317, 19, '瘫痪', 45, '肢体无力'),
(318, 19, '瘫痪', 52, '癫痫'),
(319, 20, '冠心病', 57, '心肌梗塞'),
(320, 20, '冠心病', 45, '肢体无力'),
(321, 20, '冠心病', 15, '心悸'),
(322, 20, '冠心病', 75, '心慌'),
(323, 20, '冠心病', 51, '呼吸困难'),
(324, 20, '冠心病', 50, '心律失常'),
(325, 20, '冠心病', 4, '心功能不全'),
(326, 20, '冠心病', 36, '发热'),
(327, 20, '冠心病', 60, '恶心'),
(328, 20, '冠心病', 63, '呕吐'),
(329, 20, '冠心病', 49, '胸闷气短'),
(330, 21, '脑病变', 60, '恶心'),
(331, 21, '脑病变', 33, '言语障碍'),
(332, 21, '脑病变', 48, '口角流涎'),
(333, 21, '脑病变', 69, '吞咽困难'),
(334, 21, '脑病变', 2, '意识/精神障碍'),
(335, 21, '脑病变', 63, '呕吐'),
(336, 21, '脑病变', 30, '帕金森'),
(337, 21, '脑病变', 23, '脑萎缩'),
(338, 21, '脑病变', 78, '晕厥'),
(339, 21, '脑病变', 77, '嗜睡'),
(340, 21, '脑病变', 9, '头晕'),
(341, 21, '脑病变', 31, '肢体震颤/抽搐'),
(342, 21, '脑病变', 50, '心律失常'),
(343, 21, '脑病变', 36, '发热'),
(344, 21, '脑病变', 39, '头痛'),
(345, 21, '脑病变', 51, '呼吸困难'),
(346, 21, '脑病变', 71, '睡眠障碍'),
(347, 21, '脑病变', 15, '心悸'),
(348, 21, '脑病变', 49, '胸闷气短'),
(349, 21, '脑病变', 45, '肢体无力'),
(350, 21, '脑病变', 58, '脑出血'),
(351, 22, '血管瘤', 51, '呼吸困难'),
(352, 22, '血管瘤', 69, '吞咽困难'),
(353, 22, '血管瘤', 60, '恶心'),
(354, 22, '血管瘤', 43, '血管硬化'),
(355, 22, '血管瘤', 7, '食欲不振'),
(356, 22, '血管瘤', 4, '心功能不全'),
(357, 22, '血管瘤', 6, '心脏扩大'),
(358, 22, '血管瘤', 13, '肢体浮肿'),
(359, 22, '血管瘤', 44, '胸痛'),
(360, 22, '血管瘤', 80, '呼吸浅促'),
(361, 43, '血管硬化', 26, '精神差'),
(362, 43, '血管硬化', 50, '心律失常'),
(363, 43, '血管硬化', 4, '心功能不全'),
(364, 43, '血管硬化', 29, '心肌供血不足'),
(365, 43, '血管硬化', 25, '强直性脊柱炎'),
(366, 43, '血管硬化', 45, '肢体无力'),
(367, 43, '血管硬化', 3, '心绞痛'),
(368, 43, '血管硬化', 20, '冠心病'),
(369, 43, '血管硬化', 67, '高血压'),
(370, 43, '血管硬化', 37, '肢体活动障碍'),
(371, 43, '血管硬化', 24, '缺血灶'),
(372, 43, '血管硬化', 51, '呼吸困难'),
(373, 43, '血管硬化', 80, '呼吸浅促'),
(374, 43, '血管硬化', 75, '心慌'),
(375, 43, '血管硬化', 46, '痴呆'),
(376, 43, '血管硬化', 31, '肢体震颤/抽搐'),
(377, 43, '血管硬化', 27, '糖尿病'),
(378, 43, '血管硬化', 54, '高同型半胱氨酸血症'),
(379, 43, '血管硬化', 39, '头痛'),
(380, 43, '血管硬化', 44, '胸痛'),
(381, 43, '血管硬化', 78, '晕厥'),
(382, 43, '血管硬化', 63, '呕吐'),
(383, 43, '血管硬化', 69, '吞咽困难'),
(384, 43, '血管硬化', 73, '记忆减退'),
(385, 43, '血管硬化', 36, '发热'),
(386, 13, '肢体浮肿', 27, '糖尿病'),
(387, 13, '肢体浮肿', 67, '高血压'),
(388, 13, '肢体浮肿', 50, '心律失常'),
(389, 13, '肢体浮肿', 71, '睡眠障碍'),
(390, 13, '肢体浮肿', 45, '肢体无力'),
(391, 13, '肢体浮肿', 39, '头痛'),
(392, 5, '神经麻痹', 69, '吞咽困难'),
(393, 24, '缺血灶', 67, '高血压'),
(394, 24, '缺血灶', 52, '癫痫'),
(395, 24, '缺血灶', 46, '痴呆'),
(396, 24, '缺血灶', 31, '肢体震颤/抽搐'),
(397, 24, '缺血灶', 77, '嗜睡'),
(398, 24, '缺血灶', 78, '晕厥'),
(399, 24, '缺血灶', 9, '头晕'),
(400, 25, '强直性脊柱炎', 65, '房室传导阻滞'),
(401, 25, '强直性脊柱炎', 26, '精神差'),
(402, 25, '强直性脊柱炎', 19, '瘫痪'),
(403, 25, '强直性脊柱炎', 27, '糖尿病'),
(404, 25, '强直性脊柱炎', 13, '肢体浮肿'),
(405, 25, '强直性脊柱炎', 70, '心脏病'),
(406, 25, '强直性脊柱炎', 22, '血管瘤'),
(407, 25, '强直性脊柱炎', 36, '发热'),
(408, 25, '强直性脊柱炎', 37, '肢体活动障碍'),
(409, 26, '精神差', 74, '精神紧张'),
(410, 78, '晕厥', 9, '头晕'),
(411, 78, '晕厥', 72, '小便失禁'),
(412, 78, '晕厥', 31, '肢体震颤/抽搐'),
(413, 78, '晕厥', 74, '精神紧张'),
(414, 78, '晕厥', 26, '精神差'),
(415, 78, '晕厥', 2, '意识/精神障碍'),
(416, 78, '晕厥', 36, '发热'),
(417, 78, '晕厥', 37, '肢体活动障碍'),
(418, 78, '晕厥', 71, '睡眠障碍'),
(419, 78, '晕厥', 52, '癫痫'),
(420, 78, '晕厥', 3, '心绞痛'),
(421, 78, '晕厥', 57, '心肌梗塞'),
(422, 78, '晕厥', 60, '恶心'),
(423, 78, '晕厥', 63, '呕吐'),
(424, 78, '晕厥', 45, '肢体无力'),
(425, 78, '晕厥', 77, '嗜睡'),
(426, 62, '早搏', 78, '晕厥'),
(427, 62, '早搏', 50, '心律失常'),
(428, 62, '早搏', 45, '肢体无力'),
(429, 62, '早搏', 9, '头晕'),
(430, 62, '早搏', 15, '心悸'),
(431, 62, '早搏', 49, '胸闷气短'),
(432, 62, '早搏', 3, '心绞痛'),
(433, 62, '早搏', 57, '心肌梗塞'),
(434, 62, '早搏', 4, '心功能不全'),
(435, 63, '呕吐', 7, '食欲不振'),
(436, 28, '高胆固醇血症', 39, '头痛'),
(437, 28, '高胆固醇血症', 45, '肢体无力'),
(438, 28, '高胆固醇血症', 77, '嗜睡'),
(439, 28, '高胆固醇血症', 36, '发热'),
(440, 80, '呼吸浅促', 4, '心功能不全'),
(441, 80, '呼吸浅促', 57, '心肌梗塞'),
(442, 80, '呼吸浅促', 39, '头痛'),
(443, 80, '呼吸浅促', 9, '头晕'),
(444, 80, '呼吸浅促', 74, '精神紧张'),
(445, 80, '呼吸浅促', 45, '肢体无力'),
(446, 80, '呼吸浅促', 77, '嗜睡'),
(447, 82, '神经病', 27, '糖尿病'),
(448, 82, '神经病', 67, '高血压'),
(449, 82, '神经病', 31, '肢体震颤/抽搐'),
(450, 82, '神经病', 5, '神经麻痹'),
(451, 82, '神经病', 60, '恶心'),
(452, 82, '神经病', 46, '痴呆'),
(453, 82, '神经病', 9, '头晕'),
(454, 82, '神经病', 72, '小便失禁'),
(455, 82, '神经病', 69, '吞咽困难'),
(456, 82, '神经病', 49, '胸闷气短'),
(457, 82, '神经病', 45, '肢体无力'),
(458, 45, '肢体无力', 33, '言语障碍'),
(459, 45, '肢体无力', 51, '呼吸困难'),
(460, 45, '肢体无力', 26, '精神差'),
(461, 45, '肢体无力', 35, '不自主运动'),
(462, 45, '肢体无力', 30, '帕金森'),
(463, 45, '肢体无力', 52, '癫痫'),
(464, 45, '肢体无力', 83, '面瘫'),
(465, 45, '肢体无力', 69, '吞咽困难'),
(466, 29, '心肌供血不足', 4, '心功能不全'),
(467, 29, '心肌供血不足', 50, '心律失常'),
(468, 29, '心肌供血不足', 51, '呼吸困难'),
(469, 29, '心肌供血不足', 45, '肢体无力'),
(470, 29, '心肌供血不足', 3, '心绞痛'),
(471, 46, '痴呆', 26, '精神差'),
(472, 46, '痴呆', 31, '肢体震颤/抽搐'),
(473, 46, '痴呆', 73, '记忆减退'),
(474, 46, '痴呆', 74, '精神紧张'),
(475, 46, '痴呆', 33, '言语障碍'),
(476, 46, '痴呆', 37, '肢体活动障碍'),
(477, 50, '心律失常', 3, '心绞痛'),
(478, 50, '心律失常', 78, '晕厥'),
(479, 50, '心律失常', 15, '心悸'),
(480, 50, '心律失常', 9, '头晕'),
(481, 50, '心律失常', 80, '呼吸浅促'),
(482, 50, '心律失常', 51, '呼吸困难'),
(483, 50, '心律失常', 49, '胸闷气短'),
(484, 50, '心律失常', 45, '肢体无力'),
(485, 50, '心律失常', 75, '心慌'),
(486, 50, '心律失常', 57, '心肌梗塞'),
(487, 50, '心律失常', 2, '意识/精神障碍'),
(488, 50, '心律失常', 31, '肢体震颤/抽搐'),
(489, 50, '心律失常', 66, '肢体麻木'),
(490, 50, '心律失常', 44, '胸痛'),
(491, 50, '心律失常', 74, '精神紧张'),
(492, 50, '心律失常', 26, '精神差'),
(493, 50, '心律失常', 60, '恶心'),
(494, 83, '面瘫', 27, '糖尿病'),
(495, 49, '胸闷气短', 4, '心功能不全'),
(496, 30, '帕金森', 71, '睡眠障碍'),
(497, 30, '帕金森', 31, '肢体震颤/抽搐'),
(498, 30, '帕金森', 46, '痴呆'),
(499, 30, '帕金森', 37, '肢体活动障碍'),
(500, 30, '帕金森', 63, '呕吐'),
(501, 30, '帕金森', 69, '吞咽困难'),
(502, 30, '帕金森', 26, '精神差');

-- --------------------------------------------------------

--
-- 表的结构 `entity`
--

CREATE TABLE IF NOT EXISTS `entity` (
  `id` int(11) NOT NULL,
  `entity_name` varchar(256) NOT NULL,
  PRIMARY KEY (`id`),
  KEY `entity_name` (`entity_name`(255)),
  KEY `entity_name_2` (`entity_name`(255))
) ENGINE=InnoDB DEFAULT CHARSET=utf8;

--
-- 转存表中的数据 `entity`
--

INSERT INTO `entity` (`id`, `entity_name`) VALUES
(1, '发绀(口舌/指/趾头)'),
(2, '意识/精神障碍'),
(3, '心绞痛'),
(4, '心功能不全'),
(5, '神经麻痹'),
(6, '心脏扩大'),
(7, '食欲不振'),
(8, '高尿酸血症'),
(9, '头晕'),
(10, '脱髓鞘'),
(11, '心肌病'),
(12, '颈动脉斑块'),
(13, '肢体浮肿'),
(14, '低颅压'),
(15, '心悸'),
(16, '高血糖'),
(17, '脂肪肝'),
(18, '贫血'),
(19, '瘫痪'),
(20, '冠心病'),
(21, '脑病变'),
(22, '血管瘤'),
(23, '脑萎缩'),
(24, '缺血灶'),
(25, '强直性脊柱炎'),
(26, '精神差'),
(27, '糖尿病'),
(28, '高胆固醇血症'),
(29, '心肌供血不足'),
(30, '帕金森'),
(31, '肢体震颤/抽搐'),
(32, '烦躁'),
(33, '言语障碍'),
(34, '颌窦炎'),
(35, '不自主运动'),
(36, '发热'),
(37, '肢体活动障碍'),
(38, '脑血栓'),
(39, '头痛'),
(40, '腔隙性脑梗死'),
(41, '脑白质改变'),
(42, '脑血管病'),
(43, '血管硬化'),
(44, '胸痛'),
(45, '肢体无力'),
(46, '痴呆'),
(47, '脑缺血'),
(48, '口角流涎'),
(49, '胸闷气短'),
(50, '心律失常'),
(51, '呼吸困难'),
(52, '癫痫'),
(53, '血管钙化'),
(54, '高同型半胱氨酸血症'),
(55, '肢体动脉栓塞'),
(56, '口角麻木'),
(57, '心肌梗塞'),
(58, '脑出血'),
(59, '风心病'),
(60, '恶心'),
(61, '大便失禁'),
(62, '早搏'),
(63, '呕吐'),
(64, '颈动脉硬化'),
(65, '房室传导阻滞'),
(66, '肢体麻木'),
(67, '高血压'),
(68, '脑血管硬化'),
(69, '吞咽困难'),
(70, '心脏病'),
(71, '睡眠障碍'),
(72, '小便失禁'),
(73, '记忆减退'),
(74, '精神紧张'),
(75, '心慌'),
(76, '舌根僵硬'),
(77, '嗜睡'),
(78, '晕厥'),
(79, '钙化灶'),
(80, '呼吸浅促'),
(81, '软化灶'),
(82, '神经病'),
(83, '');

-- --------------------------------------------------------

--
-- 表的结构 `symptom`
--

CREATE TABLE IF NOT EXISTS `symptom` (
  `id` int(11) NOT NULL,
  `symptom_id` int(11) NOT NULL,
  `symptom_name` varchar(256) NOT NULL,
  PRIMARY KEY (`id`),
  KEY `symptom_is` (`symptom_id`)
) ENGINE=InnoDB DEFAULT CHARSET=utf8;

--
-- 转存表中的数据 `symptom`
--

INSERT INTO `symptom` (`id`, `symptom_id`, `symptom_name`) VALUES
(1, 35, '不自主运动'),
(2, 46, '痴呆'),
(3, 61, '大便失禁'),
(4, 52, '癫痫'),
(5, 60, '恶心'),
(6, 1, '发绀(口舌/指/趾头)'),
(7, 36, '发热'),
(8, 32, '烦躁'),
(9, 65, '房室传导阻滞'),
(10, 59, '风心病'),
(11, 79, '钙化灶'),
(12, 8, '高尿酸血症'),
(13, 54, '高同型半胱氨酸血症'),
(14, 16, '高血糖'),
(15, 67, '高血压'),
(16, 20, '冠心病'),
(17, 51, '呼吸困难'),
(18, 80, '呼吸浅促'),
(19, 73, '记忆减退'),
(20, 26, '精神差'),
(21, 74, '精神紧张'),
(22, 12, '颈动脉斑块'),
(23, 64, '颈动脉硬化'),
(24, 48, '口角流涎'),
(25, 56, '口角麻木'),
(26, 83, '面瘫'),
(27, 41, '脑白质改变'),
(28, 21, '脑病变'),
(29, 58, '脑出血'),
(30, 47, '脑缺血'),
(31, 23, '脑萎缩'),
(32, 42, '脑血管病'),
(33, 68, '脑血管硬化'),
(34, 38, '脑血栓'),
(35, 63, '呕吐'),
(36, 30, '帕金森'),
(37, 18, '贫血'),
(38, 40, '腔隙性脑梗死'),
(39, 25, '强直性脊柱炎'),
(40, 24, '缺血灶'),
(41, 81, '软化灶'),
(42, 76, '舌根僵硬'),
(43, 82, '神经病'),
(44, 5, '神经麻痹'),
(45, 7, '食欲不振'),
(46, 77, '嗜睡'),
(47, 71, '睡眠障碍'),
(48, 19, '瘫痪'),
(49, 27, '糖尿病'),
(50, 39, '头痛'),
(51, 9, '头晕'),
(52, 69, '吞咽困难'),
(53, 10, '脱髓鞘'),
(54, 72, '小便失禁'),
(55, 4, '心功能不全'),
(56, 75, '心慌'),
(57, 11, '心肌病'),
(58, 57, '心肌梗塞'),
(59, 29, '心肌供血不足'),
(60, 15, '心悸'),
(61, 3, '心绞痛'),
(62, 50, '心律失常'),
(63, 70, '心脏病'),
(64, 6, '心脏扩大'),
(65, 49, '胸闷气短'),
(66, 44, '胸痛'),
(67, 53, '血管钙化'),
(68, 22, '血管瘤'),
(69, 43, '血管硬化'),
(70, 33, '言语障碍'),
(71, 2, '意识/精神障碍'),
(72, 78, '晕厥'),
(73, 62, '早搏'),
(74, 55, '肢体动脉栓塞'),
(75, 13, '肢体浮肿'),
(76, 37, '肢体活动障碍'),
(77, 66, '肢体麻木'),
(78, 45, '肢体无力'),
(79, 31, '肢体震颤/抽搐'),
(80, 17, '脂肪肝');

--
-- 限制导出的表
--

--
-- 限制表 `disease`
--
ALTER TABLE `disease`
  ADD CONSTRAINT `disease_id` FOREIGN KEY (`disease_id`) REFERENCES `entity` (`id`);

--
-- 限制表 `symptom`
--
ALTER TABLE `symptom`
  ADD CONSTRAINT `symptom_is` FOREIGN KEY (`symptom_id`) REFERENCES `entity` (`id`);

/*!40101 SET CHARACTER_SET_CLIENT=@OLD_CHARACTER_SET_CLIENT */;
/*!40101 SET CHARACTER_SET_RESULTS=@OLD_CHARACTER_SET_RESULTS */;
/*!40101 SET COLLATION_CONNECTION=@OLD_COLLATION_CONNECTION */;
